,Year,Month,BusinessApplications,ConstructionSpending,DurableGoodsNewOrders,InternationalTrade_Exports,InternationalTrade_Imports,ManuInventories,ManuNewOrders,NewHomesForSale,NewHomesSold,ResConstPermits,ResConstUnitsCompleted,ResConstUnitsStarted,RetailInventories,SalesForRetailAndFood,WholesaleInventories,GDPC1,UNRATE,CSUSHPINSA,FEDFUNDS,DATE,MEDIANCPI,ElectionYear
0,2004,7,159396,1006184.0,186835,96907.0,148513.0,426260.0,356710.0,400,1088,2112,1881,2002,454032,318549,326753,15512.619,5.5,152.338,1.26,2004-07-01,1.77113695955513,1
1,2004,8,192188,1013616.0,183728,97295.0,150942.0,429820.0,355629.0,405,1175,2056,1911,2024,457271,318977,330102,,5.4,153.815,1.43,2004-08-01,2.87323745174035,1
2,2004,9,191225,1012080.0,188444,98782.0,150468.0,430989.0,361042.0,410,1214,2041,1796,1905,456162,324569,330046,,5.4,155.109,1.61,2004-09-01,2.1466349952753,1
3,2004,10,191102,1015719.0,185187,100494.0,155552.0,434813.0,364476.0,413,1305,2097,1839,2072,455096,326740,335173,15670.88,5.5,156.3,1.76,2004-10-01,2.6605010937276203,1
4,2004,11,211318,1022994.0,192545,100090.0,159057.0,439997.0,373177.0,418,1179,2079,1758,1782,459431,327836,339330,,5.4,157.497,1.93,2004-11-01,1.4800663055379,1
5,2004,12,193328,1037480.0,193578,102781.0,157699.0,441222.0,373419.0,422,1242,2082,1921,2042,460394,331874,340128,,5.4,158.671,2.16,2004-12-01,1.91524972608856,1
6,2005,1,201725,1046082.0,194875,103206.0,159395.0,446240.0,378937.0,441,1203,2139,1892,2144,461016,328696,345246,15844.727,5.3,160.13,2.28,2005-01-01,3.4217591363454103,0
7,2005,2,204234,1066848.0,196475,104010.0,162104.0,451361.0,381880.0,446,1319,2114,1908,2207,462872,333026,347068,,5.4,161.924,2.5,2005-02-01,3.30400229074104,0
8,2005,3,201630,1071745.0,186608,105098.0,158231.0,455394.0,374642.0,445,1328,2062,1787,1864,464979,333581,348774,,5.2,164.576,2.63,2005-03-01,1.8971793950121696,0
9,2005,4,204096,1081012.0,194847,107268.0,164580.0,456990.0,385450.0,445,1260,2150,1927,2061,465861,336583,351996,15922.782,5.2,167.0,2.79,2005-04-01,2.09647901335652,0
10,2005,5,203523,1093341.0,206623,107079.0,163120.0,457623.0,395916.0,450,1286,2085,2103,2025,465988,334522,352838,,5.1,169.545,3.0,2005-05-01,3.16846235161856,0
11,2005,6,210096,1105896.0,210020,107033.0,165185.0,458507.0,400506.0,455,1274,2178,1965,2068,463147,343998,354277,,5.0,172.016,3.04,2005-06-01,1.62477538920178,0
12,2005,7,207999,1119101.0,194475,107082.0,165383.0,461924.0,386590.0,464,1389,2203,1886,2054,452724,346576,355552,16047.587,5.0,174.09799999999998,3.26,2005-07-01,3.0286455734746403,0
13,2005,8,204797,1129163.0,204839,108475.0,167220.0,461964.0,401287.0,476,1255,2219,1952,2095,455534,343307,357368,,4.9,175.923,3.5,2005-08-01,2.22215620270876,0
14,2005,9,184551,1148438.0,203997,107156.0,172039.0,463598.0,404154.0,487,1244,2263,1922,2151,460270,343956,358769,,5.0,177.61,3.62,2005-09-01,4.02470724061161,0
15,2005,10,230658,1160831.0,209901,109813.0,177078.0,467552.0,409487.0,490,1336,2170,1962,2065,461942,344097,361845,16136.734,5.0,178.752,3.78,2005-10-01,3.3315751559861897,0
16,2005,11,222505,1172090.0,220733,111462.0,175321.0,470206.0,421486.0,502,1214,2218,1907,2147,467074,347325,363476,,5.0,179.673,4.0,2005-11-01,2.8369119481422596,0
17,2005,12,233703,1184677.0,221499,113822.0,178391.0,474639.0,422981.0,511,1239,2120,1941,1994,471700,347405,367822,,4.9,180.107,4.16,2005-12-01,2.20489319920401,0
18,2006,1,216481,1195642.0,209540,115831.0,182797.0,479543.0,415824.0,523,1174,2212,2036,2273,474302,357331,369450,16353.835,4.7,180.827,4.29,2006-01-01,2.88432186623886,0
19,2006,2,225673,1205639.0,219738,116871.0,179180.0,481048.0,421074.0,539,1061,2141,2048,2119,473254,354706,372985,,4.8,181.499,4.49,2006-02-01,2.07202087371556,0
20,2006,3,222474,1205169.0,227188,118821.0,181217.0,486076.0,430457.0,552,1116,2118,2245,1969,479481,355665,374722,,4.7,182.749,4.59,2006-03-01,3.08218251360963,0
21,2006,4,223297,1193296.0,214625,119611.0,182213.0,491322.0,418625.0,565,1123,1998,2071,1821,477862,357423,379226,16396.151,4.7,183.648,4.79,2006-04-01,2.8870316165126,0
22,2006,5,222048,1180581.0,215819,121155.0,185973.0,496672.0,423472.0,565,1086,1905,1897,1942,484518,356704,382161,,4.6,184.38,4.94,2006-05-01,4.28816068458393,0
23,2006,6,218254,1172128.0,221220,122726.0,186526.0,501897.0,427440.0,566,1074,1867,2050,1802,488787,357879,385111,,4.6,184.547,4.99,2006-06-01,3.19983083499134,0
24,2006,7,220254,1157926.0,209494,120430.0,187339.0,506637.0,416849.0,572,965,1763,1934,1737,485766,359006,388619,16420.738,4.7,184.607,5.24,2006-07-01,3.0539305241528396,0
25,2006,8,218935,1145907.0,210473,122780.0,191057.0,511525.0,418759.0,566,1035,1722,1877,1650,487446,360691,392217,,4.7,184.404,5.25,2006-08-01,4.62137039677921,0
26,2006,9,212057,1135753.0,234701,124052.0,189146.0,516251.0,435776.0,559,1016,1655,2011,1720,485983,358961,394224,,4.5,184.198,5.25,2006-09-01,2.1062637733366696,0
27,2006,10,206805,1122914.0,216952,125532.0,185072.0,519748.0,415798.0,554,941,1570,1918,1491,485583,358462,396412,16561.866,4.4,184.053,5.25,2006-10-01,3.6506970400157703,0
28,2006,11,202263,1121749.0,224809,127388.0,186327.0,522206.0,426451.0,543,1003,1535,1893,1570,484834,359266,400298,,4.5,183.63,5.25,2006-11-01,3.02469916751935,0
29,2006,12,247115,1135406.0,229243,128795.0,190677.0,523476.0,437894.0,536,998,1638,1888,1649,486412,363730,398792,,4.4,183.229,5.24,2006-12-01,2.72554654380133,0
30,2007,1,206985,1137917.0,222969,130648.0,188661.0,524494.0,427905.0,538,891,1626,1822,1409,488010,363616,400079,16611.69,4.6,182.717,5.25,2007-01-01,2.9644102631689195,0
31,2007,2,217706,1139032.0,220962,129481.0,187960.0,527703.0,430410.0,544,828,1598,1640,1480,489691,364006,401751,,4.5,182.47,5.26,2007-02-01,4.4470256400193495,0
32,2007,3,216090,1146624.0,229526,133835.0,196018.0,529461.0,442158.0,545,833,1596,1623,1495,487268,367158,404080,,4.4,182.193,5.26,2007-03-01,2.6885311218425296,0
33,2007,4,214518,1150590.0,233420,133351.0,193845.0,533451.0,446596.0,548,887,1470,1539,1490,489640,366187,405510,16713.314,4.5,182.13099999999997,5.25,2007-04-01,2.36832536836802,0
34,2007,5,220719,1161581.0,228836,135835.0,195406.0,538547.0,445891.0,545,842,1493,1536,1415,492929,370934,406748,,4.4,181.884,5.25,2007-05-01,2.35349143799752,0
35,2007,6,221767,1163511.0,228868,137312.0,197310.0,540804.0,446539.0,542,793,1407,1481,1448,496146,368154,408205,,4.6,181.54,5.25,2007-06-01,3.2680317367730405,0
36,2007,7,221308,1155448.0,233176,138546.0,198792.0,541015.0,450464.0,537,778,1361,1534,1354,497100,369614,409097,16809.587,4.7,180.993,5.26,2007-07-01,2.82817098511783,0
37,2007,8,218353,1159077.0,235758,141519.0,198733.0,542345.0,452598.0,533,699,1321,1512,1330,500179,371358,410271,,4.6,180.234,5.02,2007-08-01,2.18457280462696,0
38,2007,9,226146,1158580.0,226473,142069.0,200228.0,548039.0,448633.0,527,686,1261,1356,1183,499246,372869,413197,,4.7,179.12099999999998,4.94,2007-09-01,3.7044060077008303,0
39,2007,10,233182,1152491.0,230700,144525.0,202191.0,551124.0,458907.0,514,727,1192,1405,1264,500684,375289,414437,16915.191,4.7,177.52900000000002,4.76,2007-10-01,3.43463052089827,0
40,2007,11,213292,1132908.0,227005,146264.0,206947.0,556989.0,464910.0,503,641,1224,1390,1197,500361,378860,419306,,4.7,175.16099999999997,4.49,2007-11-01,3.4753593527569997,0
41,2007,12,245389,1115141.0,244443,147428.0,205719.0,563043.0,481274.0,497,619,1149,1328,1037,500578,374298,424602,,5.0,173.33700000000002,4.24,2007-12-01,2.98265388398264,0
42,2008,1,207457,1111347.0,239389,151094.0,212433.0,568357.0,478676.0,487,627,1094,1331,1084,501733,375236,430048,16843.003,5.0,171.076,3.94,2008-01-01,3.28360527628442,1
43,2008,2,210454,1096648.0,235037,153660.0,217886.0,570114.0,473714.0,477,593,1014,1274,1103,502105,371833,435091,,4.9,169.18900000000002,2.98,2008-02-01,2.85747436326564,1
44,2008,3,220356,1103446.0,234868,152900.0,213100.0,573237.0,473829.0,470,535,967,1195,1005,499066,372745,435780,,5.1,167.90200000000002,2.61,2008-03-01,3.0404857461239905,1
45,2008,4,219304,1101252.0,231086,157363.0,221095.0,571883.0,477888.0,458,536,1008,1022,1013,499734,372572,442932,16943.291,5.0,167.32299999999998,2.28,2008-04-01,2.24101388446512,1
46,2008,5,216014,1101547.0,227370,159081.0,221392.0,573696.0,477706.0,451,504,995,1142,973,498206,376036,445473,,5.4,167.02,1.98,2008-05-01,2.4627692895931,1
47,2008,6,210771,1090098.0,229262,164072.0,224962.0,577427.0,485010.0,435,487,1180,1142,1046,497530,376455,451820,,5.6,166.53599999999997,2.0,2008-06-01,4.05370089545272,1
48,2008,7,209946,1086952.0,220411,166232.0,233221.0,578433.0,477725.0,419,477,921,1087,923,499771,375038,457528,16854.295,5.8,165.71200000000002,2.01,2008-07-01,3.98912873927892,1
49,2008,8,222490,1070075.0,214106,163335.0,225729.0,580335.0,463929.0,409,435,858,1017,844,497407,372284,461444,,6.1,164.27599999999998,2.0,2008-08-01,2.94013128490127,1
50,2008,9,210337,1059579.0,215245,154611.0,214904.0,572743.0,452545.0,395,433,797,1160,820,495539,366729,460429,,6.1,161.911,1.81,2008-09-01,3.17438970761372,1
51,2008,10,205209,1055959.0,191912,151854.0,212732.0,567064.0,419715.0,381,393,736,1055,777,493176,352950,453954,16485.35,6.5,159.162,0.97,2008-10-01,2.20171024216991,1
52,2008,11,204190,1035033.0,181552,142973.0,188105.0,560227.0,386733.0,371,389,626,1076,652,487230,339350,450613,,6.8,156.071,0.39,2008-11-01,1.93625366578525,1
53,2008,12,186959,999139.0,173849,132410.0,176377.0,543273.0,365490.0,353,377,554,1021,560,476696,332091,445745,,7.3,152.54399999999998,0.16,2008-12-01,0.3634841508005421,1
54,2009,1,207516,975099.0,151085,125859.0,165201.0,538445.0,343559.0,341,336,545,777,490,468424,336929,441044,16298.262,7.8,149.361,0.15,2009-01-01,2.40364062502632,0
55,2009,2,195389,971708.0,148834,127893.0,156671.0,530391.0,343150.0,326,372,558,819,582,463739,335576,432972,,8.3,147.61700000000002,0.22,2009-02-01,2.14357605719473,0
56,2009,3,198726,963793.0,146323,126478.0,156670.0,523409.0,333431.0,311,339,513,839,505,458128,329747,424662,,8.7,146.514,0.18,2009-03-01,1.90828983085518,0
57,2009,4,198982,932482.0,147467,125323.0,155797.0,517053.0,334449.0,300,337,521,846,478,452185,331352,418480,16269.145,9.0,146.941,0.15,2009-04-01,1.86117019943739,0
58,2009,5,200006,920020.0,149255,127342.0,153181.0,513838.0,339817.0,291,376,556,818,540,445384,334256,413161,,9.4,148.168,0.18,2009-05-01,1.29376893720741,0
59,2009,6,203046,912530.0,147033,129796.0,156947.0,507452.0,345129.0,280,393,601,797,585,439424,339883,407633,,9.5,149.796,0.21,2009-06-01,0.75584590889346,0
60,2009,7,207412,911438.0,153691,131878.0,165185.0,504096.0,348909.0,270,411,595,797,594,432754,340517,401667,16326.281,9.5,150.748,0.16,2009-07-01,0.125832513392354,0
61,2009,8,201608,900112.0,157489,132567.0,164240.0,501500.0,355776.0,261,418,616,792,586,423384,346668,396719,,9.6,150.668,0.16,2009-08-01,1.6255061079099,0
62,2009,9,205708,887241.0,158041,137047.0,172294.0,498099.0,359189.0,252,386,609,721,585,425128,338507,392089,,9.8,149.627,0.15,2009-09-01,0.914369783533586,0
63,2009,10,203589,871391.0,161097,141055.0,176014.0,502146.0,366143.0,243,396,583,746,534,427967,341654,393543,16502.754,10.0,148.585,0.12,2009-10-01,1.1903654188135,0
64,2009,11,207362,858493.0,160419,142075.0,180456.0,504770.0,369445.0,237,375,623,844,588,429697,344375,399584,,9.9,147.94,0.12,2009-11-01,0.516016421313492,0
65,2009,12,201060,842609.0,160520,145480.0,184906.0,505025.0,371392.0,234,352,664,750,581,428414,346072,398058,,9.9,146.665,0.12,2009-12-01,0.460810409841406,0
66,2010,1,201501,822114.0,181016,145718.0,183463.0,505695.0,393694.0,233,345,636,689,614,429929,345889,398260,16582.71,9.8,145.003,0.11,2010-01-01,0.680110845940707,0
67,2010,2,202525,814885.0,180450,146849.0,188353.0,510367.0,394215.0,231,336,650,670,604,432450,346724,399869,,9.8,143.053,0.13,2010-02-01,-0.1066278542679489,0
68,2010,3,203445,821849.0,182148,151080.0,191351.0,512320.0,400659.0,227,381,687,635,636,434020,354119,402348,,9.9,143.596,0.16,2010-03-01,-0.286064246298046,0
69,2010,4,206358,829664.0,182948,150006.0,191502.0,515075.0,400842.0,217,422,637,737,687,434933,357354,403649,16743.162,9.9,145.40200000000002,0.2,2010-04-01,0.4526162541784729,0
70,2010,5,210952,823447.0,189932,153819.0,195907.0,515983.0,404370.0,216,280,575,702,583,436384,354068,405484,,9.6,147.03799999999998,0.2,2010-05-01,0.27574788971958,0
71,2010,6,204818,821943.0,185667,153326.0,200641.0,519456.0,400624.0,212,305,587,894,536,440493,353647,407721,,9.4,147.704,0.18,2010-06-01,1.2647526767523898,0
72,2010,7,207726,799694.0,187506,156763.0,198373.0,523182.0,402326.0,209,283,579,572,546,443855,354717,412878,16872.266,9.4,147.564,0.18,2010-07-01,0.632305068442718,0
73,2010,8,207623,802030.0,191745,157769.0,203388.0,525386.0,408354.0,206,282,580,592,599,448194,356448,418261,,9.5,146.428,0.19,2010-08-01,0.4302059340372199,0
74,2010,9,213896,807728.0,201932,158624.0,202958.0,531038.0,422049.0,201,317,563,632,594,451513,359359,424355,,9.5,144.608,0.19,2010-09-01,1.53627227687154,0
75,2010,10,213942,801372.0,193066,164234.0,204881.0,538163.0,417830.0,199,291,558,605,543,452531,363469,432780,16960.864,9.4,143.128,0.19,2010-10-01,1.1260905710720202,0
76,2010,11,221182,804151.0,197202,165621.0,204360.0,545104.0,426427.0,195,287,560,552,545,453130,367051,436289,,9.8,141.817,0.19,2010-11-01,1.31829898066591,0
77,2010,12,205762,789395.0,193452,168510.0,210232.0,553726.0,429764.0,190,326,632,565,539,453387,369139,443258,,9.3,140.626,0.18,2010-12-01,1.393380280754,0
78,2011,1,220103,759964.0,203636,169897.0,218020.0,560473.0,445734.0,187,307,576,520,630,455056,371841,446874,16920.632,9.1,139.034,0.17,2011-01-01,2.27322625990496,0
79,2011,2,224254,758376.0,196393,168665.0,213418.0,566076.0,438975.0,183,270,542,615,517,453813,375017,452342,,9.0,137.72899999999998,0.16,2011-02-01,2.8169688979258902,0
80,2011,3,213466,769157.0,212748,176676.0,220988.0,573235.0,463133.0,179,300,583,591,600,458617,378506,457170,,9.0,137.783,0.14,2011-03-01,1.74418998266395,0
81,2011,4,213893,769437.0,200733,178839.0,221523.0,582766.0,454441.0,173,310,581,549,554,460157,380335,459740,17035.114,9.1,139.157,0.1,2011-04-01,2.24921919600376,0
82,2011,5,186371,775251.0,207170,178856.0,226581.0,589349.0,458536.0,168,305,618,549,561,461721,380024,469672,,9.0,140.692,0.09,2011-05-01,2.3058155396238997,0
83,2011,6,219908,794839.0,201579,176894.0,226777.0,591280.0,454746.0,166,301,636,579,608,461416,383142,474387,,9.1,141.944,0.09,2011-06-01,1.92672807632472,0
84,2011,7,216798,792381.0,206458,181502.0,227572.0,594906.0,459477.0,166,296,621,634,623,461620,382837,477864,17031.313,9.0,142.342,0.07,2011-07-01,2.5370313756665,0
85,2011,8,213061,811953.0,216705,182475.0,227527.0,596862.0,468947.0,162,299,647,614,585,465318,383691,479718,,9.0,141.786,0.1,2011-08-01,3.1779707716990093,0
86,2011,9,212505,813660.0,204738,183858.0,227334.0,595570.0,457843.0,160,304,610,603,650,464942,387567,476060,,9.0,140.168,0.08,2011-09-01,2.49197707942446,0
87,2011,10,205576,808378.0,210799,182681.0,228191.0,602499.0,463126.0,158,316,671,566,610,467457,389853,480776,17222.583,8.8,138.409,0.07,2011-10-01,2.02226514469577,0
88,2011,11,220941,812050.0,215531,180797.0,228258.0,605644.0,471598.0,155,328,706,585,711,470235,391274,482025,,8.6,136.664,0.08,2011-11-01,1.84701379887522,0
89,2011,12,228399,821367.0,223835,182411.0,231885.0,607035.0,478391.0,151,341,697,610,694,471243,391510,488893,,8.5,135.166,0.07,2011-12-01,2.37433305779156,0
90,2012,1,185104,830610.0,225940,182425.0,232551.0,609789.0,481515.0,149,335,712,545,723,473817,395469,490659,17367.01,8.3,134.167,0.08,2012-01-01,3.19808928450254,1
91,2012,2,214396,824368.0,226911,185085.0,227865.0,611107.0,486936.0,147,366,738,561,704,478352,400300,497404,,8.3,133.996,0.1,2012-02-01,1.6845519133678302,1
92,2012,3,216914,829288.0,221801,188511.0,238260.0,612758.0,480147.0,145,354,806,582,695,481381,401569,498988,,8.2,135.864,0.13,2012-03-01,2.42029632056173,1
93,2012,4,217873,841740.0,218681,187092.0,233934.0,612611.0,474178.0,144,354,732,671,753,485685,399972,502794,17444.525,8.2,138.469,0.14,2012-04-01,2.2851338427891696,1
94,2012,5,220586,850928.0,219765,187375.0,232481.0,612384.0,473108.0,144,370,796,626,708,489863,399180,503629,,8.2,141.045,0.16,2012-05-01,1.7320720722101297,1
95,2012,6,208507,858009.0,217652,187247.0,230188.0,612210.0,462435.0,145,360,794,625,757,492831,395595,506445,,8.2,143.167,0.16,2012-06-01,1.92206327761144,1
96,2012,7,208385,858934.0,222748,186714.0,229120.0,615009.0,472663.0,142,369,849,676,740,497431,397407,512467,17469.65,8.2,144.282,0.16,2012-07-01,2.08371119432122,1
97,2012,8,208841,862726.0,199963,184999.0,229029.0,617863.0,455821.0,143,375,840,684,754,499064,402211,514653,,8.1,144.704,0.13,2012-08-01,2.4238660191344503,1
98,2012,9,207142,866588.0,217090,191182.0,229976.0,622404.0,475369.0,144,385,930,652,847,501766,405357,520461,,7.8,144.355,0.14,2012-09-01,2.2866037427289303,1
99,2012,10,212470,875366.0,218522,186133.0,227600.0,622363.0,478507.0,147,358,887,730,915,503058,405437,519701,17489.852,7.8,143.964,0.16,2012-10-01,1.87504766315374,1
100,2012,11,202005,872052.0,217446,188461.0,233794.0,623638.0,475932.0,150,392,917,668,833,503235,407308,524645,,7.7,143.955,0.16,2012-11-01,2.0721553787935503,1
101,2012,12,274354,871809.0,230814,192226.0,228560.0,625245.0,488496.0,150,399,941,677,976,507188,408665,525589,,7.9,143.863,0.16,2012-12-01,1.79065016566902,1
102,2013,1,219831,862722.0,223067,190283.0,230418.0,627520.0,485261.0,149,446,940,714,888,512957,412115,529886,17662.4,8.0,144.309,0.14,2013-01-01,2.74180750368704,0
103,2013,2,211994,873583.0,234600,192436.0,233440.0,628167.0,501221.0,152,447,980,729,962,515617,417013,528692,,7.7,145.161,0.15,2013-02-01,2.45154222786008,0
104,2013,3,216723,864510.0,217165,189856.0,224170.0,628205.0,475224.0,155,444,936,816,1010,514716,414024,529339,,7.5,147.961,0.14,2013-03-01,1.21535791179703,0
105,2013,4,213197,879728.0,226738,190603.0,229090.0,628298.0,481657.0,161,441,1012,712,835,516483,411770,531360,17709.671,7.6,150.969,0.15,2013-04-01,2.088884185994,0
106,2013,5,207175,888752.0,236717,189837.0,231538.0,625357.0,494363.0,163,428,1003,708,930,518675,414325,528172,,7.5,153.859,0.11,2013-05-01,1.9563823322529,0
107,2013,6,217038,899295.0,247187,192921.0,227347.0,625259.0,501703.0,161,470,942,736,839,521377,415442,528429,,7.5,156.42600000000002,0.09,2013-06-01,2.13725043962469,0
108,2013,7,218374,917756.0,220366,192125.0,228481.0,627086.0,481319.0,171,375,997,784,880,522858,418110,529863,17860.45,7.3,158.285,0.09,2013-07-01,2.00320004740069,0
109,2013,8,221515,929061.0,224700,192449.0,229065.0,629278.0,484962.0,175,381,964,765,917,525057,417377,534096,,7.2,159.392,0.08,2013-08-01,2.1480298989162,0
110,2013,9,212885,938121.0,237681,192505.0,232422.0,630323.0,496806.0,183,403,1004,776,850,530299,417654,537274,,7.2,159.671,0.08,2013-09-01,2.23216017314456,0
111,2013,10,223322,951214.0,232113,196471.0,232757.0,630506.0,491978.0,183,444,1044,801,925,534341,419247,542992,18016.147,7.2,159.555,0.09,2013-10-01,1.16372929089217,0
112,2013,11,221593,964122.0,243262,197292.0,231275.0,629164.0,503515.0,184,446,1029,839,1100,541396,420513,547599,,6.9,159.363,0.08,2013-11-01,2.60550640737742,0
113,2013,12,227897,979211.0,237972,196343.0,229979.0,631955.0,500487.0,186,433,1005,778,1002,544846,422794,550312,,6.7,159.28,0.09,2013-12-01,2.8446440822717203,0
114,2014,1,209883,986587.0,224410,195789.0,233222.0,634135.0,486935.0,189,443,976,838,888,545127,419015,553595,17953.974,6.6,159.36700000000002,0.07,2014-01-01,2.4063265035218797,0
115,2014,2,222335,987538.0,231734,195059.0,235178.0,640089.0,496729.0,187,420,1039,876,944,545168,424793,557219,,6.7,159.87,0.07,2014-02-01,2.3508313464702497,0
116,2014,3,228193,991157.0,235757,199559.0,242498.0,641029.0,497989.0,190,405,1067,893,970,547063,429132,562290,,6.7,161.187,0.08,2014-03-01,2.8589766754357098,0
117,2014,4,225862,1006901.0,237607,199056.0,242790.0,642486.0,501596.0,190,403,1090,834,1043,547845,433530,567025,18185.911,6.2,162.966,0.09,2014-04-01,2.21493222879676,0
118,2014,5,223576,1007147.0,234339,201418.0,240993.0,647228.0,495265.0,194,451,1018,891,1007,550030,434248,568271,,6.3,164.68099999999998,0.09,2014-05-01,2.54562660708071,0
119,2014,6,226284,1006424.0,238210,200514.0,239410.0,646940.0,499173.0,199,418,1010,800,911,552156,435438,570096,,6.1,166.21099999999998,0.1,2014-06-01,1.31136444111866,0
120,2014,7,222304,1014935.0,299869,200758.0,239693.0,647665.0,559295.0,207,402,1076,839,1085,556358,436150,570628,18406.941,6.2,167.135,0.09,2014-07-01,2.4049038383757497,0
121,2014,8,226262,1015096.0,236049,202226.0,239161.0,648556.0,495344.0,207,456,1047,908,984,557377,439518,574733,,6.1,167.449,0.09,2014-08-01,1.75173691535098,0
122,2014,9,228254,1021890.0,236278,199556.0,241228.0,649492.0,492913.0,210,470,1077,975,1023,557049,438459,576171,,5.9,167.239,0.09,2014-09-01,1.93541098458714,0
123,2014,10,226558,1046402.0,233042,201376.0,242443.0,647425.0,485343.0,209,476,1094,920,1074,559050,440095,579989,18500.031,5.7,166.907,0.09,2014-10-01,2.4289565511268,0
124,2014,11,222024,1044893.0,227299,198893.0,238700.0,647848.0,475804.0,211,442,1059,863,1001,559635,441249,584449,,5.8,166.655,0.09,2014-11-01,2.25631054100233,0
125,2014,12,205650,1056429.0,225089,198413.0,241251.0,642832.0,464933.0,210,497,1072,955,1073,561265,438509,585479,,5.6,166.456,0.12,2014-12-01,2.3833942455642,0
126,2015,1,256535,1061241.0,226500,194245.0,233110.0,642698.0,457925.0,207,515,1049,954,1085,560541,436125,586276,18666.621,5.7,166.24599999999998,0.11,2015-01-01,1.94752959883826,0
127,2015,2,229419,1072895.0,217853,191934.0,225837.0,642901.0,452584.0,203,540,1127,863,886,562990,435450,589570,,5.5,166.628,0.11,2015-02-01,1.95449451571832,0
128,2015,3,229305,1086748.0,229820,192271.0,241004.0,643189.0,463252.0,204,480,1072,781,960,563583,441895,591704,,5.4,168.08599999999998,0.11,2015-03-01,2.43333592636743,0
129,2015,4,230978,1115619.0,226217,193086.0,232923.0,643949.0,460289.0,206,502,1166,1001,1190,568004,442967,592522,18782.243,5.4,169.968,0.12,2015-04-01,2.96265053867684,0
130,2015,5,225231,1135433.0,217855,191918.0,230420.0,644441.0,450983.0,211,502,1272,1012,1079,568806,446114,595781,,5.6,171.84900000000002,0.12,2015-05-01,2.5012910991095,0
131,2015,6,233973,1158193.0,229732,191512.0,233937.0,648252.0,463819.0,216,480,1379,962,1205,571520,446572,600558,,5.3,173.449,0.13,2015-06-01,2.9723995643109196,0
132,2015,7,237550,1154561.0,227727,190841.0,231181.0,646996.0,459623.0,218,506,1140,988,1146,574226,450143,599456,18857.418,5.2,174.49400000000003,0.13,2015-07-01,1.9220253006031696,0
133,2015,8,234389,1164377.0,222828,188084.0,232289.0,644749.0,450872.0,217,518,1165,974,1130,577851,450168,600738,,5.1,174.93599999999998,0.14,2015-08-01,1.63579063211565,0
134,2015,9,239947,1163937.0,217818,189155.0,230796.0,641387.0,443626.0,224,456,1144,1040,1224,583418,448090,602275,,5.0,175.042,0.14,2015-09-01,2.99841569275872,0
135,2015,10,243223,1151533.0,226413,187795.0,228668.0,641867.0,450910.0,226,482,1160,985,1058,586260,446905,601732,18892.206,5.0,175.047,0.12,2015-10-01,2.28316449144805,0
136,2015,11,237042,1145510.0,222400,185419.0,225870.0,639515.0,443949.0,229,504,1244,1000,1172,587448,448738,599386,,5.1,175.138,0.12,2015-11-01,2.2654806001265,0
137,2015,12,225859,1156354.0,218027,184517.0,225521.0,638229.0,436169.0,232,546,1211,1023,1146,587627,450598,596937,,5.0,175.111,0.24,2015-12-01,1.83471969623819,0
138,2016,1,260494,1160988.0,229203,180951.0,220997.0,634781.0,443032.0,236,505,1171,1056,1092,591024,447376,596961,19001.69,4.8,175.03099999999998,0.34,2016-01-01,2.70841659132004,1
139,2016,2,240888,1172851.0,217223,183033.0,226338.0,632050.0,431196.0,239,517,1172,1037,1225,592930,451898,593043,,4.9,175.275,0.38,2016-02-01,2.53771440127248,1
140,2016,3,236691,1188776.0,218868,182054.0,218854.0,632177.0,436598.0,242,532,1118,1003,1111,597650,450462,594220,,5.0,176.597,0.36,2016-03-01,2.22200455864592,1
141,2016,4,243845,1185902.0,230281,184167.0,222215.0,631493.0,448453.0,242,576,1160,945,1163,598239,452238,599800,19062.709,5.1,178.49200000000002,0.37,2016-04-01,3.8254778833095098,1
142,2016,5,255112,1190685.0,222761,185125.0,224156.0,631705.0,442183.0,241,571,1205,1000,1148,600922,453898,602045,,4.8,180.341,0.37,2016-05-01,3.2805191880404,1
143,2016,6,216657,1217604.0,207430,186833.0,228552.0,631496.0,430261.0,244,557,1208,1109,1203,602008,458711,601997,,4.9,181.91099999999997,0.38,2016-06-01,2.10339046055212,1
144,2016,7,261307,1214532.0,215715,188195.0,228127.0,632106.0,435507.0,238,628,1198,1072,1239,603401,457894,601366,19197.938,4.8,183.012,0.39,2016-07-01,2.49016471097936,1
145,2016,8,248033,1221250.0,218051,190173.0,230319.0,633118.0,438959.0,240,575,1201,1054,1171,603753,458375,600123,,4.9,183.649,0.4,2016-08-01,2.7425708907920803,1
146,2016,9,254587,1232438.0,216921,190713.0,227717.0,631628.0,438760.0,243,558,1303,1035,1068,606461,461400,601927,,5.0,183.938,0.4,2016-09-01,2.49832933493122,1
147,2016,10,245260,1241100.0,233645,189343.0,227898.0,631901.0,456552.0,249,575,1254,1070,1313,606334,462362,603307,19304.352,4.9,184.012,0.4,2016-10-01,2.01802556175075,1
148,2016,11,252790,1264881.0,215307,187654.0,231549.0,634618.0,437433.0,248,571,1230,1244,1140,610761,462231,607785,,4.7,184.224,0.41,2016-11-01,2.45883151623452,1
149,2016,12,260444,1270443.0,219170,192583.0,233560.0,635803.0,447970.0,254,561,1248,1101,1252,610018,467852,611409,,4.7,184.396,0.54,2016-12-01,2.03838510774881,1
150,2017,1,263878,1256025.0,219738,195435.0,238992.0,637331.0,448947.0,257,573,1303,1081,1190,612967,473019,610992,19398.343,4.7,184.651,0.65,2017-01-01,3.43630577482943,0
151,2017,2,259442,1277327.0,221923,196492.0,236277.0,638437.0,452625.0,261,587,1234,1148,1271,613632,472945,612182,,4.6,185.019,0.66,2017-02-01,3.2923463387532204,0
152,2017,3,262185,1274466.0,223132,196213.0,237337.0,637901.0,452140.0,265,632,1272,1147,1190,616281,472149,613377,,4.4,186.528,0.79,2017-03-01,1.91438367511723,0
153,2017,4,261569,1268229.0,225070,196038.0,240265.0,638839.0,454258.0,268,598,1251,1069,1146,616059,473986,611125,19506.949,4.4,188.541,0.9,2017-04-01,1.55365836257901,0
154,2017,5,261661,1282119.0,222436,195533.0,239517.0,638444.0,450239.0,271,635,1208,1170,1157,617232,471630,614476,,4.4,190.53599999999997,0.91,2017-05-01,2.1132188709843502,0
155,2017,6,267661,1277442.0,236645,197990.0,240568.0,638464.0,464508.0,274,619,1353,1236,1249,620724,473546,619549,,4.3,192.263,1.04,2017-06-01,1.8968337862046696,0
156,2017,7,267670,1275620.0,217820,197260.0,241114.0,641729.0,446837.0,277,572,1256,1173,1206,621419,473552,622548,19660.766,4.3,193.508,1.15,2017-07-01,2.1220936834140702,0
157,2017,8,269320,1274043.0,222295,198957.0,240348.0,645135.0,453565.0,281,556,1319,1107,1159,624657,474449,626610,,4.4,194.343,1.16,2017-08-01,2.2747579876520403,0
158,2017,9,260263,1280026.0,228172,201125.0,242718.0,649431.0,461137.0,282,637,1273,1113,1181,620184,484163,630221,,4.3,194.814,1.15,2017-09-01,2.8702567714483,0
159,2017,10,272724,1283890.0,228049,202855.0,245703.0,651751.0,463860.0,286,626,1356,1196,1257,620892,484848,628125,19882.352,4.2,195.08,1.15,2017-10-01,2.4249630240346502,0
160,2017,11,282007,1309300.0,229799,206890.0,252353.0,655370.0,470852.0,287,711,1299,1182,1273,622686,490013,631673,,4.2,195.447,1.16,2017-11-01,2.42039295861358,0
161,2017,12,268743,1314355.0,240218,209690.0,256224.0,659025.0,481816.0,293,630,1311,1200,1177,625639,492579,632608,,4.1,195.843,1.3,2017-12-01,2.95574718908234,0
162,2018,1,296769,1336820.0,227080,207272.0,254344.0,660750.0,470594.0,293,590,1317,1208,1299,626871,490426,638324,20044.077,4.0,196.111,1.41,2018-01-01,4.17000041826154,0
163,2018,2,284723,1356385.0,235442,210459.0,259252.0,664125.0,479219.0,296,618,1321,1288,1277,628508,493334,643096,,4.1,196.9,1.42,2018-02-01,2.01327934554867,0
164,2018,3,289592,1346759.0,243135,213248.0,256757.0,662878.0,486534.0,297,679,1385,1181,1318,627139,493022,644681,,4.0,198.568,1.51,2018-03-01,1.9619000737253895,0
165,2018,4,286027,1355060.0,242184,212217.0,258346.0,664666.0,486161.0,300,642,1378,1224,1276,630247,494498,644270,20150.476,4.0,200.611,1.69,2018-04-01,2.93200914809488,0
166,2018,5,293177,1361079.0,241312,215630.0,257051.0,665721.0,490164.0,301,662,1338,1262,1357,631939,500930,644392,,3.8,202.448,1.7,2018-05-01,2.9818325508401204,0
167,2018,6,296834,1342953.0,240396,213408.0,258219.0,665684.0,489657.0,310,636,1345,1212,1192,634220,499218,644854,,4.0,204.037,1.82,2018-06-01,2.6321178885371204,0
168,2018,7,291213,1337209.0,233263,211270.0,260943.0,672994.0,482617.0,313,628,1334,1150,1208,636304,502255,647405,20276.154,3.8,204.944,1.91,2018-07-01,2.11149391449985,0
169,2018,8,295669,1340123.0,243656,211044.0,260602.0,673312.0,494392.0,319,593,1273,1262,1288,640325,501962,653709,,3.8,205.321,1.91,2018-08-01,2.2967112867851003,0
170,2018,9,290592,1325322.0,244691,213474.0,264037.0,677505.0,496543.0,325,595,1314,1187,1250,642696,500033,657978,,3.7,205.367,1.95,2018-09-01,2.3337233555462205,0
171,2018,10,286155,1310337.0,236072,214014.0,266466.0,678620.0,487659.0,331,554,1272,1122,1221,647267,505622,662228,20304.874,3.8,205.362,2.19,2018-10-01,2.60626268747923,0
172,2018,11,290989,1301200.0,232640,211474.0,260876.0,678366.0,477751.0,334,625,1340,1131,1181,645138,507278,663998,,3.8,205.1,2.2,2018-11-01,3.7237636017007705,0
173,2018,12,298205,1291568.0,239442,208953.0,264164.0,677549.0,480710.0,346,546,1317,1053,1095,653345,496973,671067,,3.9,204.69099999999997,2.27,2018-12-01,2.9117770150544304,0
174,2019,1,276149,1294553.0,232853,210601.0,259515.0,682402.0,474710.0,346,595,1261,1247,1226,657117,500208,676839,20415.15,4.0,204.195,2.4,2019-01-01,2.8896047256263397,0
175,2019,2,298130,1312163.0,227669,212675.0,260290.0,685827.0,471512.0,340,648,1287,1304,1121,657229,500928,679840,,3.8,204.423,2.4,2019-02-01,2.97821762626109,0
176,2019,3,301478,1322586.0,237072,214042.0,262138.0,687840.0,480547.0,337,718,1305,1313,1191,656427,508944,678651,,3.8,205.77,2.41,2019-03-01,3.2102411483228703,0
177,2019,4,293421,1353153.0,228770,210719.0,260311.0,690327.0,473631.0,333,702,1311,1308,1272,657681,509564,685316,20584.528,3.7,207.68400000000003,2.42,2019-04-01,2.82946232379089,0
178,2019,5,287313,1364165.0,220441,214977.0,265821.0,691512.0,464322.0,336,618,1347,1221,1293,659012,512930,686603,,3.6,209.348,2.39,2019-05-01,2.5585351456762795,0
179,2019,6,291027,1384299.0,219395,212281.0,260849.0,693257.0,458788.0,331,729,1315,1178,1243,658975,513716,686986,,3.6,210.583,2.38,2019-06-01,2.96310499495169,0
180,2019,7,280569,1412161.0,224705,212170.0,260630.0,697528.0,464634.0,328,648,1352,1215,1240,661839,518274,686770,20817.581,3.7,211.334,2.4,2019-07-01,3.2008888117851098,0
181,2019,8,291717,1426715.0,226911,211915.0,260688.0,699411.0,464972.0,326,712,1489,1313,1375,661011,521348,686434,,3.6,211.693,2.13,2019-08-01,2.6257566309874503,0
182,2019,9,291631,1439059.0,221398,210894.0,255373.0,701309.0,458357.0,323,712,1474,1154,1311,661244,518188,682531,,3.5,211.872,2.04,2019-09-01,2.5044028464577406,0
183,2019,10,297968,1440792.0,221854,211584.0,252860.0,702426.0,456077.0,320,722,1525,1289,1325,663029,519795,680236,20951.088,3.6,211.966,1.83,2019-10-01,2.67072730886815,0
184,2019,11,294429,1462853.0,213862,211997.0,250831.0,705404.0,447621.0,321,713,1527,1266,1353,659258,523120,680239,,3.6,212.106,1.55,2019-11-01,3.2778581013518595,0
185,2019,12,314337,1468025.0,216524,212422.0,256365.0,707662.0,450912.0,321,700,1451,1308,1548,655336,524954,679805,,3.6,212.238,1.55,2019-12-01,2.52541708194376,0
186,2020,1,281494,1490544.0,229093,207935.0,251717.0,706169.0,459296.0,326,690,1507,1292,1578,655169,525411,674910,20665.553,3.6,212.398,1.55,2020-01-01,3.73900290493838,1
187,2020,2,302107,1498345.0,236175,208342.0,249213.0,703655.0,461771.0,329,707,1442,1241,1537,651722,525380,669284,,3.5,213.218,1.58,2020-02-01,2.87314075414153,1
188,2020,3,259849,1505604.0,201235,188254.0,231978.0,695435.0,414724.0,333,621,1358,1248,1252,658030,477676,662390,,4.4,215.194,0.65,2020-03-01,2.96611597454439,1
189,2020,4,235789,1459249.0,161041,150279.0,203395.0,693520.0,355712.0,323,579,1066,1188,931,632901,408312,661536,19034.83,14.8,217.238,0.05,2020-04-01,2.0514104511105,1
190,2020,5,297574,1452280.0,180205,145820.0,200752.0,692535.0,376125.0,311,709,1260,1175,1053,594457,484978,653680,,13.2,218.485,0.05,2020-05-01,3.0423409595286204,1
191,2020,6,377264,1461261.0,196254,159836.0,209239.0,694705.0,403154.0,300,896,1338,1237,1254,576890,526970,645719,,11.0,219.813,0.08,2020-06-01,1.6303799442617,1
192,2020,7,545914,1473560.0,218792,171736.0,231482.0,692973.0,430698.0,290,983,1546,1308,1523,583033,535644,646504,20511.785,10.2,221.572,0.09,2020-07-01,4.12644301223046,1
193,2020,8,484561,1491409.0,223081,176135.0,238271.0,694469.0,437213.0,284,1022,1529,1269,1401,589258,540423,650005,,8.4,224.054,0.1,2020-08-01,2.5642504572569904,1
194,2020,9,435167,1510420.0,223838,181250.0,239432.0,693257.0,440175.0,284,979,1624,1439,1463,599499,551131,654499,,7.8,226.806,0.09,2020-09-01,1.09289511329196,1
195,2020,10,411616,1534371.0,231044,185603.0,246678.0,694226.0,449054.0,282,1031,1613,1386,1543,610228,549271,662716,20724.128,6.8,229.818,0.09,2020-10-01,1.7918610038630802,1
196,2020,11,398000,1551966.0,231610,189348.0,254051.0,700280.0,454377.0,288,877,1714,1262,1553,616251,544421,663302,,6.7,232.322,0.09,2020-11-01,1.36409877769683,1
197,2020,12,349734,1573791.0,234080,195610.0,257632.0,702416.0,464003.0,297,878,1744,1369,1635,623463,549300,666011,,6.7,234.371,0.09,2020-12-01,1.4012624303769898,1
198,2021,1,486082,1601386.0,245054,198275.0,261054.0,707510.0,483223.0,303,896,1883,1362,1639,626751,570510,675474,20990.541,6.4,236.442,0.09,2021-01-01,1.17126192381685,0
199,2021,2,430923,1580186.0,246694,194984.0,261383.0,718230.0,487080.0,310,774,1715,1296,1407,625942,555489,681579,,6.2,239.221,0.08,2021-02-01,2.79187179404496,0
200,2021,3,451177,1610868.0,249140,207654.0,273759.0,723375.0,492629.0,310,861,1732,1454,1668,615567,616348,687513,,6.1,244.216,0.07,2021-03-01,2.45230811885555,0
201,2021,4,498829,1617204.0,247400,207274.0,273804.0,728810.0,495617.0,318,837,1738,1410,1492,608975,622705,692702,21309.544,6.1,249.824,0.07,2021-04-01,2.90626910167791,0
202,2021,5,502805,1630067.0,248259,210196.0,276817.0,739146.0,502655.0,330,726,1681,1330,1607,604984,615543,702434,,5.8,255.449,0.06,2021-05-01,3.25571552598809,0
203,2021,6,446475,1639714.0,249305,212901.0,284389.0,749539.0,510229.0,347,689,1657,1291,1638,604091,622125,709728,,5.9,261.17400000000004,0.08,2021-06-01,3.75085967160498,0
204,2021,7,441675,1661458.0,253770,215293.0,285244.0,759218.0,517777.0,362,727,1652,1360,1600,613910,612647,717643,21483.083,5.4,265.512,0.1,2021-07-01,3.03001455558991,0
205,2021,8,428564,1666755.0,260230,216976.0,290191.0,769145.0,526528.0,376,691,1770,1340,1595,614418,616892,726875,,5.1,268.788,0.09,2021-08-01,4.0529206723710605,0
206,2021,9,430066,1669575.0,251271,213039.0,290134.0,780710.0,521202.0,375,731,1625,1226,1563,616586,620529,736967,,4.7,271.442,0.08,2021-09-01,4.93068961392651,0
207,2021,10,430188,1685471.0,257877,227955.0,294897.0,789753.0,535260.0,384,683,1719,1282,1587,622996,630562,753664,21847.602,4.5,273.652,0.08,2021-10-01,6.58162335190871,0
208,2021,11,436215,1728158.0,263631,230642.0,310795.0,801584.0,544773.0,389,787,1766,1403,1704,635873,637775,765248,,4.1,276.022,0.08,2021-11-01,5.921977524520989,0
209,2021,12,425030,1757320.0,266894,235613.0,316405.0,808491.0,549680.0,386,834,1913,1326,1757,663693,632515,785340,,3.9,278.593,0.08,2021-12-01,4.864243460542441,0
210,2022,1,434112,1810368.0,274707,231087.0,316652.0,815464.0,561562.0,394,798,1915,1275,1712,682107,644034,796786,21738.871,4.0,281.96299999999997,0.08,2022-01-01,6.73598572134309,0
211,2022,2,422268,1852805.0,271418,235969.0,323039.0,823168.0,562290.0,397,781,1860,1343,1742,690948,650522,819127,,3.8,287.18,0.08,2022-02-01,6.375188165836019,0
212,2022,3,414800,1878681.0,271005,246646.0,348560.0,834557.0,574092.0,412,713,1879,1352,1678,707318,664167,839309,,3.6,294.992,0.2,2022-03-01,6.22131864885611,0
213,2022,4,433849,1918254.0,272987,254374.0,339750.0,838712.0,577383.0,433,636,1835,1344,1828,710620,673245,859103,21708.16,3.7,301.639,0.33,2022-04-01,6.92388263628694,0
214,2022,5,425654,1930664.0,271508,257047.0,341303.0,849466.0,583421.0,440,648,1712,1425,1540,720176,671040,878251,,3.6,306.414,0.77,2022-05-01,7.588878771024411,0
215,2022,6,407475,1918140.0,272166,261517.0,342731.0,854137.0,589969.0,448,543,1745,1381,1542,732487,675702,892510,,3.6,308.20799999999997,1.21,2022-06-01,8.01045995451126,0
216,2022,7,420987,1925909.0,276260,262609.0,333649.0,855866.0,584463.0,460,519,1719,1409,1392,739908,671067,897756,21851.134,3.5,307.04200000000003,1.68,2022-07-01,5.9883261801191505,0
217,2022,8,420692,1915377.0,276622,263132.0,331654.0,855377.0,582320.0,461,644,1542,1375,1520,746521,675107,909447,,3.6,303.595,2.33,2022-08-01,8.04803616793306,0
218,2022,9,425113,1914299.0,271946,260390.0,331607.0,857293.0,577769.0,461,556,1613,1434,1470,743570,673312,912319,,3.5,300.418,2.56,2022-09-01,7.72921604833856,0
219,2022,10,432677,1907841.0,279629,258654.0,333920.0,860299.0,590415.0,466,577,1560,1379,1440,742353,681748,917839,21989.981,3.6,298.649,3.08,2022-10-01,6.69366641779918,0
220,2022,11,421527,1913413.0,273100,255477.0,318038.0,858991.0,577841.0,456,596,1402,1559,1420,742281,673674,923660,,3.6,296.83799999999997,3.78,2022-11-01,5.91661658760609,0
221,2022,12,424810,1922389.0,278589,252504.0,323266.0,859100.0,576183.0,451,632,1400,1386,1340,747278,666734,922988,,3.5,294.32599999999996,4.1,2022-12-01,6.554622614768929,0
222,2023,1,428718,1932302.0,280844,257830.0,327789.0,860078.0,585407.0,440,639,1443,1389,1361,750418,693826,916744,22112.329,3.4,292.788,4.33,2023-01-01,7.40659988402694,0
223,2023,2,442400,1944950.0,274314,252891.0,323412.0,858759.0,575072.0,438,625,1620,1540,1404,749965,686434,915265,,3.6,293.45099999999996,4.57,2023-02-01,7.880495894967001,0
224,2023,3,458841,1964793.0,280718,256911.0,317232.0,851923.0,575589.0,433,644,1493,1516,1342,754918,679067,915732,,3.5,297.33299999999997,4.65,2023-03-01,4.62475076644842,0
225,2023,4,444892,1990292.0,286759,250966.0,323721.0,855017.0,580722.0,428,687,1470,1416,1368,754730,683698,911195,22225.35,3.4,301.466,4.83,2023-04-01,5.186168013480691,0
226,2023,5,448260,2011831.0,287293,250880.0,316947.0,852708.0,577769.0,426,741,1532,1499,1583,758857,686672,906386,,3.7,305.33299999999997,5.06,2023-05-01,4.83841780786021,0
227,2023,6,468864,2023013.0,294857,251067.0,315873.0,851754.0,585469.0,428,666,1493,1480,1415,761778,688630,901945,,3.6,308.25,5.08,2023-06-01,4.39642524892616,0
228,2023,7,473722,2027412.0,285827,253923.0,318530.0,852256.0,579559.0,427,700,1501,1343,1473,761675,690408,899541,22490.692,3.5,310.13599999999997,5.12,2023-07-01,2.49077584715136,0
229,2023,8,467697,2047414.0,285317,258506.0,318137.0,855172.0,585331.0,428,652,1578,1373,1305,769415,695476,899169,,3.8,311.501,5.33,2023-08-01,4.35897232415277,0
230,2023,9,472629,2055216.0,290883,261641.0,323864.0,856349.0,593919.0,435,694,1515,1466,1363,774984,701286,899500,,3.8,312.35900000000004,5.33,2023-09-01,5.21792092786129,0
231,2023,10,470587,2071136.0,279021,260783.0,325116.0,856209.0,576365.0,442,673,1534,1382,1365,775813,699977,896495,22679.255,3.8,312.747,5.33,2023-10-01,3.49795816925966,0
232,2023,11,461921,2090690.0,300639,256531.0,321284.0,855757.0,597695.0,450,611,1508,1466,1510,773633,700707,894166,,3.7,311.993,5.33,2023-11-01,5.1226149536403,0
233,2023,12,455594,2101292.0,287397,259887.0,324802.0,856182.0,585235.0,449,654,1530,1557,1568,779613,703256,898541,,3.7,310.842,5.33,2023-12-01,4.160125150684911,0
234,2024,1,447499,2122229.0,276538,259346.0,326275.0,855052.0,571657.0,461,664,1508,1504,1376,782409,695631,896497,22758.752,3.7,310.675,5.33,2024-01-01,6.54247711333595,1
235,2024,2,434419,2133750.0,279865,266225.0,335231.0,857285.0,579666.0,465,643,1563,1698,1546,784754,700519,898704,,3.9,312.629,5.33,2024-02-01,4.55815950379621,1
236,2024,3,433398,2135771.0,282096,261607.0,330188.0,857397.0,583953.0,466,683,1485,1491,1299,785658,703738,894435,,3.8,316.707,5.33,2024-03-01,4.32734565378701,1
237,2024,4,430762,2142126.0,282737,263443.0,337905.0,858304.0,586114.0,467,730,1440,1659,1377,791615,702681,896304,22918.739,3.9,320.41900000000004,5.33,2024-04-01,4.25132259006098,1
238,2024,5,423896,2139792.0,283122,261661.0,336732.0,860133.0,583134.0,472,621,1399,1553,1314,796303,704483,901480,,4.0,,5.33,2024-05-01,3.0164690149307103,1
239,2024,6,431246,,264541,,,,,476,617,1454,1710,1353,802125,704324,903276,,4.1,,5.33,2024-06-01,2.3646651819445097,1
